ts,pct
2026-10-05T09:00:00+0900,0.4532
2026-10-05T09:05:00+0900,0.4061
2026-10-05T09:10:00+0900,0.6862
2026-10-05T09:15:00+0900,0.7955
2026-10-05T09:20:00+0900,0.8278
2026-10-05T09:25:00+0900,0.9505
2026-10-05T09:30:00+0900,1.2847
2026-10-05T09:35:00+0900,1.0463
2026-10-05T09:40:00+0900,1.1507
2026-10-05T09:45:00+0900,1.1149
2026-10-05T09:50:00+0900,1.022
2026-10-05T09:55:00+0900,0.7465
2026-10-05T10:00:00+0900,0.8567
2026-10-05T10:05:00+0900,1.1443
2026-10-05T10:10:00+0900,1.1179
2026-10-05T10:15:00+0900,1.1917
2026-10-05T10:20:00+0900,1.3812
2026-10-05T10:25:00+0900,1.1009
2026-10-05T10:30:00+0900,1.1455
2026-10-05T10:35:00+0900,1.1783
2026-10-05T10:40:00+0900,1.3052
2026-10-05T10:45:00+0900,1.2412
2026-10-05T10:50:00+0900,1.1585
2026-10-05T10:55:00+0900,0.9952
2026-10-05T11:00:00+0900,0.8856
2026-10-05T11:05:00+0900,0.9818
2026-10-05T11:10:00+0900,1.1048
2026-10-05T11:15:00+0900,1.1261
2026-10-05T11:20:00+0900,1.148
2026-10-05T11:25:00+0900,1.0933
2026-10-05T11:30:00+0900,1.0994
2026-10-05T11:35:00+0900,1.0994
2026-10-05T11:40:00+0900,1.0994
2026-10-05T11:45:00+0900,1.0994
2026-10-05T11:50:00+0900,1.0994
2026-10-05T11:55:00+0900,1.0994
2026-10-05T12:00:00+0900,1.0994
2026-10-05T12:05:00+0900,1.0994
2026-10-05T12:10:00+0900,1.0994
2026-10-05T12:15:00+0900,1.0994
2026-10-05T12:20:00+0900,1.0994
2026-10-05T12:25:00+0900,1.0994
2026-10-05T12:30:00+0900,1.2463
2026-10-05T12:35:00+0900,1.1437
2026-10-05T12:40:00+0900,1.1437
2026-10-05T12:45:00+0900,1.1437
2026-10-05T12:50:00+0900,1.1437
